band,mean,median,trimmed_mean_10,winsorized_mean_10,geometric_mean,harmonic_mean,p25,p75,max,min
0.000000000000000000e+00,2.264991528295493026e+02,2.270000000000000000e+02,2.265184243964421853e+02,2.265147407658420775e+02,2.264549168224389746e+02,2.264106209011999056e+02,2.240000000000000000e+02,2.290000000000000000e+02,2.390000000000000000e+02,2.110000000000000000e+02
1.000000000000000000e+00,2.278010843781768813e+02,2.280000000000000000e+02,2.277746717492588004e+02,2.278197221280921667e+02,2.277678030301206036e+02,2.277345277575159344e+02,2.250000000000000000e+02,2.310000000000000000e+02,2.390000000000000000e+02,2.160000000000000000e+02
2.000000000000000000e+00,2.285774313791934844e+02,2.280000000000000000e+02,2.285751800084709942e+02,2.285601491019993148e+02,2.285396391044528173e+02,2.285018451756448314e+02,2.260000000000000000e+02,2.310000000000000000e+02,2.420000000000000000e+02,2.170000000000000000e+02
3.000000000000000000e+00,2.303090477804134082e+02,2.300000000000000000e+02,2.302892842016094903e+02,2.303314130803117621e+02,2.302597389104452077e+02,2.302104239225357389e+02,2.270000000000000000e+02,2.340000000000000000e+02,2.440000000000000000e+02,2.150000000000000000e+02
4.000000000000000000e+00,2.335228736021687439e+02,2.330000000000000000e+02,2.334519271495129260e+02,2.335615045747204306e+02,2.334459521896233412e+02,2.333691244748266627e+02,2.290000000000000000e+02,2.380000000000000000e+02,2.490000000000000000e+02,2.180000000000000000e+02
5.000000000000000000e+00,2.381274144357844875e+02,2.380000000000000000e+02,2.380703091910207547e+02,2.380562521179261353e+02,2.379869052777592913e+02,2.378464765949815671e+02,2.320000000000000000e+02,2.445000000000000000e+02,2.580000000000000000e+02,2.180000000000000000e+02
6.000000000000000000e+00,2.445513385293120905e+02,2.430000000000000000e+02,2.442058449809402703e+02,2.443646221619789856e+02,2.442635613223778535e+02,2.439775684408492964e+02,2.350000000000000000e+02,2.540000000000000000e+02,2.760000000000000000e+02,2.180000000000000000e+02
7.000000000000000000e+00,2.558722466960352335e+02,2.540000000000000000e+02,2.553460398136382992e+02,2.556767197560149043e+02,2.552710023215037722e+02,2.546748511573976259e+02,2.410000000000000000e+02,2.710000000000000000e+02,2.950000000000000000e+02,2.250000000000000000e+02
8.000000000000000000e+00,2.713368349711961969e+02,2.690000000000000000e+02,2.704705633206268658e+02,2.709762792273805303e+02,2.701172339435415211e+02,2.689122225180614123e+02,2.480000000000000000e+02,2.940000000000000000e+02,3.250000000000000000e+02,2.270000000000000000e+02
9.000000000000000000e+00,2.893964757709251217e+02,2.860000000000000000e+02,2.880444726810673615e+02,2.888353100643849416e+02,2.871274350368557862e+02,2.848932692699725635e+02,2.560000000000000000e+02,3.220000000000000000e+02,3.650000000000000000e+02,2.320000000000000000e+02
1.000000000000000000e+01,3.204418841070823305e+02,3.160000000000000000e+02,3.183413807708598142e+02,3.195726872246696075e+02,3.160868300401234592e+02,3.118216113717559210e+02,2.710000000000000000e+02,3.680000000000000000e+02,4.310000000000000000e+02,2.400000000000000000e+02
1.100000000000000000e+01,3.577153507285665910e+02,3.520000000000000000e+02,3.549898348157560122e+02,3.563913927482209374e+02,3.503390546987077414e+02,3.431304324617354382e+02,2.890000000000000000e+02,4.235000000000000000e+02,5.110000000000000000e+02,2.500000000000000000e+02
1.200000000000000000e+01,4.082114537444933831e+02,4.000000000000000000e+02,4.045828038966539566e+02,4.064656048797018002e+02,3.959469831701099451e+02,3.839838092039439630e+02,3.130000000000000000e+02,4.990000000000000000e+02,6.160000000000000000e+02,2.650000000000000000e+02
1.300000000000000000e+01,4.923849542527956373e+02,4.810000000000000000e+02,4.875036001694197125e+02,4.899020670958996675e+02,4.707014000010672703e+02,4.495885276438380629e+02,3.520000000000000000e+02,6.260000000000000000e+02,7.840000000000000000e+02,2.860000000000000000e+02
1.400000000000000000e+01,5.971833276855303438e+02,5.830000000000000000e+02,5.903223210504023655e+02,5.939566248729244080e+02,5.622835544625526154e+02,5.284433999375502253e+02,4.010000000000000000e+02,7.840000000000000000e+02,9.860000000000000000e+02,3.140000000000000000e+02
1.500000000000000000e+01,7.304896645205014920e+02,7.100000000000000000e+02,7.213540872511647422e+02,7.261816333446289491e+02,6.768211230725484029e+02,6.250001164147502095e+02,4.595000000000000000e+02,9.830000000000000000e+02,1.249000000000000000e+03,3.500000000000000000e+02
1.600000000000000000e+01,9.424117248390375607e+02,9.110000000000000000e+02,9.281308767471410874e+02,9.362019654354455724e+02,8.562574985686266018e+02,7.737737876576280769e+02,5.520000000000000000e+02,1.306500000000000000e+03,1.695000000000000000e+03,4.040000000000000000e+02
1.700000000000000000e+01,1.202841070823449627e+03,1.160000000000000000e+03,1.182555696738670122e+03,1.194040664181633247e+03,1.076441198852654452e+03,9.561119454221030765e+02,6.695000000000000000e+02,1.697000000000000000e+03,2.227000000000000000e+03,4.760000000000000000e+02
1.800000000000000000e+01,1.539827177228058190e+03,1.482000000000000000e+03,1.512662854722575275e+03,1.528025076245340642e+03,1.359036541554484984e+03,1.187598280196137921e+03,8.175000000000000000e+02,2.209000000000000000e+03,2.923000000000000000e+03,5.710000000000000000e+02
1.900000000000000000e+01,1.954919010504913558e+03,1.880000000000000000e+03,1.919668360864040551e+03,1.939627922738054849e+03,1.706407050845981303e+03,1.471372128127049791e+03,1.002000000000000000e+03,2.833500000000000000e+03,3.744000000000000000e+03,6.840000000000000000e+02
2.000000000000000000e+01,2.261413758048119234e+03,2.195000000000000000e+03,2.224584921643371672e+03,2.247960013554727084e+03,1.965873199754797042e+03,1.685918548447129751e+03,1.142000000000000000e+03,3.293000000000000000e+03,4.095000000000000000e+03,7.700000000000000000e+02
2.100000000000000000e+01,2.356736699423924165e+03,2.282000000000000000e+03,2.327851757729775727e+03,2.353772619451033734e+03,2.046148370343118813e+03,1.751140208863275348e+03,1.180000000000000000e+03,3.468500000000000000e+03,4.095000000000000000e+03,7.990000000000000000e+02
2.200000000000000000e+01,2.234458488647916056e+03,2.148000000000000000e+03,2.195594663278272037e+03,2.221666892578786701e+03,1.934703006709949705e+03,1.653011418549542896e+03,1.102000000000000000e+03,3.271000000000000000e+03,4.090000000000000000e+03,7.540000000000000000e+02
2.300000000000000000e+01,1.928942731277533085e+03,1.837000000000000000e+03,1.887540025412960631e+03,1.913223314130803146e+03,1.671515497455485047e+03,1.432230923194645811e+03,9.535000000000000000e+02,2.811500000000000000e+03,3.776000000000000000e+03,6.550000000000000000e+02
2.400000000000000000e+01,1.651151135208403957e+03,1.561000000000000000e+03,1.613277424819991438e+03,1.637213825821755336e+03,1.437238156429158153e+03,1.239471096642617795e+03,8.235000000000000000e+02,2.394500000000000000e+03,3.242000000000000000e+03,5.850000000000000000e+02
2.500000000000000000e+01,1.447527956624873013e+03,1.366000000000000000e+03,1.412493858534519177e+03,1.434387665198237983e+03,1.269962766471720215e+03,1.106173717690481908e+03,7.405000000000000000e+02,2.077000000000000000e+03,2.833000000000000000e+03,5.390000000000000000e+02
2.600000000000000000e+01,1.259331413080311677e+03,1.192000000000000000e+03,1.228591274883523965e+03,1.247566587597424586e+03,1.115584428684409431e+03,9.828450948409430339e+02,6.650000000000000000e+02,1.786000000000000000e+03,2.461000000000000000e+03,4.940000000000000000e+02
2.700000000000000000e+01,1.151667909183327765e+03,1.096000000000000000e+03,1.124662431173231653e+03,1.141124364622161920e+03,1.026127686198143465e+03,9.098465413338790313e+02,6.175000000000000000e+02,1.623000000000000000e+03,2.222000000000000000e+03,4.710000000000000000e+02
2.800000000000000000e+01,1.102804811928160007e+03,1.055000000000000000e+03,1.078605252011859420e+03,1.092779396814639085e+03,9.872191739003180828e+02,8.795999069381819027e+02,5.995000000000000000e+02,1.551000000000000000e+03,2.103000000000000000e+03,4.630000000000000000e+02
2.900000000000000000e+01,1.020818705523551330e+03,9.780000000000000000e+02,1.000481575603557758e+03,1.012381226702812569e+03,9.213479409067114148e+02,8.281397016617453346e+02,5.700000000000000000e+02,1.428500000000000000e+03,1.894000000000000000e+03,4.480000000000000000e+02
3.000000000000000000e+01,9.682246696035242621e+02,9.350000000000000000e+02,9.508407454468446076e+02,9.615689596746865391e+02,8.774413860297746623e+02,7.920171937049252620e+02,5.460000000000000000e+02,1.346500000000000000e+03,1.759000000000000000e+03,4.300000000000000000e+02
3.100000000000000000e+01,1.004944425618434479e+03,9.660000000000000000e+02,9.875078356628547454e+02,9.983026092849881934e+02,9.082637287103648305e+02,8.172597828484842921e+02,5.600000000000000000e+02,1.408000000000000000e+03,1.808000000000000000e+03,4.390000000000000000e+02
3.200000000000000000e+01,1.049275838698746156e+03,1.009000000000000000e+03,1.030278271918678456e+03,1.042418502202643140e+03,9.471221400198282936e+02,8.511817894303870844e+02,5.805000000000000000e+02,1.475500000000000000e+03,1.913000000000000000e+03,4.560000000000000000e+02
3.300000000000000000e+01,1.074604201965435550e+03,1.030000000000000000e+03,1.054256670902160067e+03,1.067700779396814596e+03,9.688001473591108379e+02,8.697497054150521762e+02,5.940000000000000000e+02,1.509000000000000000e+03,1.969000000000000000e+03,4.530000000000000000e+02
3.400000000000000000e+01,1.149501524906811255e+03,1.101000000000000000e+03,1.126713680643794987e+03,1.141565909861064029e+03,1.030505461764402526e+03,9.195916653991613430e+02,6.200000000000000000e+02,1.627500000000000000e+03,2.107000000000000000e+03,4.660000000000000000e+02
3.500000000000000000e+01,1.252107421213147973e+03,1.191000000000000000e+03,1.225570944515035990e+03,1.242850898000677716e+03,1.116903210727485202e+03,9.914882268573696820e+02,6.645000000000000000e+02,1.783500000000000000e+03,2.324000000000000000e+03,5.050000000000000000e+02
3.600000000000000000e+01,1.315545238902067013e+03,1.246000000000000000e+03,1.286499788225328302e+03,1.305593358183666624e+03,1.171452355520885476e+03,1.038187536502520288e+03,6.925000000000000000e+02,1.875000000000000000e+03,2.466000000000000000e+03,5.130000000000000000e+02
3.700000000000000000e+01,1.379919010504913558e+03,1.311000000000000000e+03,1.348786954680220333e+03,1.369222636394442588e+03,1.225886212379523386e+03,1.083759209899796588e+03,7.155000000000000000e+02,1.962000000000000000e+03,2.605000000000000000e+03,5.280000000000000000e+02
3.800000000000000000e+01,1.468720772619451054e+03,1.391000000000000000e+03,1.435196950444726781e+03,1.457549983056590918e+03,1.301221531033633255e+03,1.146903379752848195e+03,7.545000000000000000e+02,2.096000000000000000e+03,2.786000000000000000e+03,5.540000000000000000e+02
3.900000000000000000e+01,1.519641816333446286e+03,1.439000000000000000e+03,1.484808555696738722e+03,1.508438834293459877e+03,1.345564828087209662e+03,1.185289301573842522e+03,7.780000000000000000e+02,2.172000000000000000e+03,2.891000000000000000e+03,5.680000000000000000e+02
4.000000000000000000e+01,1.545632328024398475e+03,1.467000000000000000e+03,1.510177467174925823e+03,1.534433751270755693e+03,1.367402209025689672e+03,1.203437730561781564e+03,7.880000000000000000e+02,2.210000000000000000e+03,2.946000000000000000e+03,5.690000000000000000e+02
4.100000000000000000e+01,1.595171806167400973e+03,1.511000000000000000e+03,1.558447691656077950e+03,1.583249745848864904e+03,1.409475256203550998e+03,1.238841813929657746e+03,8.080000000000000000e+02,2.286000000000000000e+03,3.047000000000000000e+03,5.860000000000000000e+02
4.200000000000000000e+01,1.601464927143341129e+03,1.520000000000000000e+03,1.563695891571368065e+03,1.589947814300237269e+03,1.417539826608314797e+03,1.248770192627092001e+03,8.105000000000000000e+02,2.293000000000000000e+03,3.062000000000000000e+03,5.920000000000000000e+02
4.300000000000000000e+01,1.543565570992883750e+03,1.459000000000000000e+03,1.506515036001694170e+03,1.531903422568620726e+03,1.370861109800453278e+03,1.212459254794130857e+03,7.930000000000000000e+02,2.200000000000000000e+03,2.947000000000000000e+03,5.930000000000000000e+02
4.400000000000000000e+01,1.529766180955608206e+03,1.445000000000000000e+03,1.492207962727657787e+03,1.517557777024737334e+03,1.359145612859299035e+03,1.202914885281962597e+03,7.875000000000000000e+02,2.173000000000000000e+03,2.937000000000000000e+03,5.850000000000000000e+02
4.500000000000000000e+01,1.584082344967807558e+03,1.493000000000000000e+03,1.544421431596781076e+03,1.570828193832599027e+03,1.408039889787771926e+03,1.246968923063488319e+03,8.180000000000000000e+02,2.246000000000000000e+03,3.048000000000000000e+03,6.170000000000000000e+02
4.600000000000000000e+01,1.592115554049474667e+03,1.507000000000000000e+03,1.551634476916560743e+03,1.578198576753642783e+03,1.421207909085472920e+03,1.264694732585293650e+03,8.335000000000000000e+02,2.251000000000000000e+03,3.078000000000000000e+03,6.440000000000000000e+02
4.700000000000000000e+01,1.547236868858014304e+03,1.468000000000000000e+03,1.509227445997458744e+03,1.533473737716028381e+03,1.387858179562757641e+03,1.241287027082764098e+03,8.260000000000000000e+02,2.171000000000000000e+03,2.964000000000000000e+03,6.440000000000000000e+02
4.800000000000000000e+01,1.578681463910538696e+03,1.502000000000000000e+03,1.543340957221516419e+03,1.565165367671975673e+03,1.417063698307666073e+03,1.267421766359971571e+03,8.495000000000000000e+02,2.209000000000000000e+03,2.983000000000000000e+03,6.510000000000000000e+02
4.900000000000000000e+01,1.704984073195526889e+03,1.627000000000000000e+03,1.670378653113087694e+03,1.691695696374110412e+03,1.529756256779509158e+03,1.366453542287074924e+03,9.145000000000000000e+02,2.394000000000000000e+03,3.169000000000000000e+03,7.040000000000000000e+02
5.000000000000000000e+01,1.785060657404269705e+03,1.713000000000000000e+03,1.750898348157560349e+03,1.772711284310403244e+03,1.605541593426464260e+03,1.437596023465234111e+03,9.650000000000000000e+02,2.518000000000000000e+03,3.277000000000000000e+03,7.590000000000000000e+02
5.100000000000000000e+01,1.761280582853270062e+03,1.698000000000000000e+03,1.728894536213468882e+03,1.749708573364961012e+03,1.589653820790063037e+03,1.428695449091498631e+03,9.690000000000000000e+02,2.473500000000000000e+03,3.179000000000000000e+03,7.610000000000000000e+02
5.200000000000000000e+01,1.765455777702473824e+03,1.698000000000000000e+03,1.734592969080898001e+03,1.754267705862419461e+03,1.593237995551575523e+03,1.431381847982973113e+03,9.735000000000000000e+02,2.482000000000000000e+03,3.162000000000000000e+03,7.630000000000000000e+02
5.300000000000000000e+01,1.880659776347001070e+03,1.814000000000000000e+03,1.848845404489622979e+03,1.869269400203320856e+03,1.692545095938998656e+03,1.515559889999310371e+03,1.027000000000000000e+03,2.656000000000000000e+03,3.356000000000000000e+03,8.100000000000000000e+02
5.400000000000000000e+01,2.007343273466621440e+03,1.932000000000000000e+03,1.972598051673019881e+03,1.994770925110132112e+03,1.804834461741880887e+03,1.614485539454388800e+03,1.095000000000000000e+03,2.839000000000000000e+03,3.593000000000000000e+03,8.750000000000000000e+02
5.500000000000000000e+01,2.046088444595052579e+03,1.970000000000000000e+03,2.009125794155019094e+03,2.032892578786852027e+03,1.841960747509277326e+03,1.650384217757230545e+03,1.127500000000000000e+03,2.881500000000000000e+03,3.690000000000000000e+03,9.000000000000000000e+02
5.600000000000000000e+01,2.048110132158590204e+03,1.972000000000000000e+03,2.010414654807285160e+03,2.034423585225347324e+03,1.843761499996923703e+03,1.652094916893650407e+03,1.133000000000000000e+03,2.881500000000000000e+03,3.701000000000000000e+03,8.990000000000000000e+02
5.700000000000000000e+01,2.115051507963402400e+03,2.032000000000000000e+03,2.076512494705633344e+03,2.100601829888173597e+03,1.901717791642899329e+03,1.701532305357259247e+03,1.164000000000000000e+03,2.984000000000000000e+03,3.837000000000000000e+03,9.250000000000000000e+02
5.800000000000000000e+01,2.199567604201965423e+03,2.107000000000000000e+03,2.159627700127064600e+03,2.184593697051846902e+03,1.977601327047937957e+03,1.769228354874600427e+03,1.208500000000000000e+03,3.097000000000000000e+03,3.997000000000000000e+03,9.570000000000000000e+02
5.900000000000000000e+01,2.214342934598441389e+03,2.128000000000000000e+03,2.173285895806861390e+03,2.198720094883090496e+03,1.993397803262398838e+03,1.786132697381254275e+03,1.224000000000000000e+03,3.106500000000000000e+03,4.040000000000000000e+03,9.710000000000000000e+02
6.000000000000000000e+01,2.182317519484920467e+03,2.101000000000000000e+03,2.141533248623464715e+03,2.167117926126736620e+03,1.966301098985629096e+03,1.763702468201109696e+03,1.211000000000000000e+03,3.055000000000000000e+03,3.975000000000000000e+03,9.590000000000000000e+02
6.100000000000000000e+01,2.186374110471026597e+03,2.103000000000000000e+03,2.145720880982634299e+03,2.171368010843781576e+03,1.970338337758921853e+03,1.767656346724723562e+03,1.213000000000000000e+03,3.059000000000000000e+03,3.974000000000000000e+03,9.500000000000000000e+02
6.200000000000000000e+01,2.206549983056590918e+03,2.119000000000000000e+03,2.165508259212198027e+03,2.191397831243646124e+03,1.990287448192777447e+03,1.787386502142206609e+03,1.226000000000000000e+03,3.087500000000000000e+03,4.024000000000000000e+03,9.620000000000000000e+02
6.300000000000000000e+01,2.166668248051507817e+03,2.083000000000000000e+03,2.125487505294366656e+03,2.152080989495086214e+03,1.957355942109763419e+03,1.761193635828034303e+03,1.209000000000000000e+03,3.026500000000000000e+03,3.952000000000000000e+03,9.560000000000000000e+02
6.400000000000000000e+01,2.081675364283293675e+03,1.999000000000000000e+03,2.041578991952562546e+03,2.067154523890206747e+03,1.882798442218506807e+03,1.696622706606000520e+03,1.165000000000000000e+03,2.900500000000000000e+03,3.784000000000000000e+03,9.210000000000000000e+02
6.500000000000000000e+01,2.034788885123686896e+03,1.947000000000000000e+03,1.995277424819991438e+03,2.020713317519484917e+03,1.840260590564181257e+03,1.658342194336226157e+03,1.138500000000000000e+03,2.836000000000000000e+03,3.708000000000000000e+03,8.890000000000000000e+02
6.600000000000000000e+01,2.032705184683158222e+03,1.933000000000000000e+03,1.992463786531130836e+03,2.018762114537444859e+03,1.838652156197801332e+03,1.657483221848962330e+03,1.135000000000000000e+03,2.836000000000000000e+03,3.701000000000000000e+03,8.870000000000000000e+02
6.700000000000000000e+01,1.996350389698407298e+03,1.899000000000000000e+03,1.954483269800931794e+03,1.981777363605557412e+03,1.808992654636062298e+03,1.634668327419605248e+03,1.114500000000000000e+03,2.772500000000000000e+03,3.651000000000000000e+03,8.820000000000000000e+02
6.800000000000000000e+01,1.884842087427990464e+03,1.783000000000000000e+03,1.843488352393053901e+03,1.870681463910538696e+03,1.712562752030161619e+03,1.552758504886118544e+03,1.060500000000000000e+03,2.610500000000000000e+03,3.442000000000000000e+03,8.460000000000000000e+02
6.900000000000000000e+01,1.781476448661470613e+03,1.687000000000000000e+03,1.741508259212198254e+03,1.767897661809555984e+03,1.621009565195733558e+03,1.472407808706069090e+03,1.010000000000000000e+03,2.454500000000000000e+03,3.261000000000000000e+03,7.960000000000000000e+02
7.000000000000000000e+01,1.783567265333785144e+03,1.683000000000000000e+03,1.743650995340957252e+03,1.769711962046763801e+03,1.621925211811755162e+03,1.472213013850463994e+03,1.010000000000000000e+03,2.467000000000000000e+03,3.278000000000000000e+03,7.890000000000000000e+02
7.100000000000000000e+01,1.859004744154523905e+03,1.760000000000000000e+03,1.817991529013130048e+03,1.844584208742799092e+03,1.690466879011865103e+03,1.534126943103818803e+03,1.053000000000000000e+03,2.566000000000000000e+03,3.428000000000000000e+03,8.160000000000000000e+02
7.200000000000000000e+01,1.905541172483903665e+03,1.808000000000000000e+03,1.864138924184667530e+03,1.891002033209081674e+03,1.737195387234299915e+03,1.580698408110612945e+03,1.084500000000000000e+03,2.613000000000000000e+03,3.506000000000000000e+03,8.430000000000000000e+02
7.300000000000000000e+01,1.854754659437478722e+03,1.771000000000000000e+03,1.815288437102922444e+03,1.841321924771263866e+03,1.697885170564110467e+03,1.551736821721170145e+03,1.073500000000000000e+03,2.540000000000000000e+03,3.384000000000000000e+03,8.350000000000000000e+02
7.400000000000000000e+01,1.759106743476787642e+03,1.685000000000000000e+03,1.724206268530283751e+03,1.747657065401558839e+03,1.615825507359749281e+03,1.481781949868976653e+03,1.031000000000000000e+03,2.406500000000000000e+03,3.159000000000000000e+03,7.990000000000000000e+02
7.500000000000000000e+01,1.738175872585564321e+03,1.670000000000000000e+03,1.706755188479457956e+03,1.728196882412741388e+03,1.597553769317396700e+03,1.465316324498078984e+03,1.021000000000000000e+03,2.378000000000000000e+03,3.071000000000000000e+03,7.830000000000000000e+02
7.600000000000000000e+01,1.813902067095899611e+03,1.748000000000000000e+03,1.783637441761965192e+03,1.804202982039986409e+03,1.665090301217974684e+03,1.524616243855774201e+03,1.058500000000000000e+03,2.490500000000000000e+03,3.168000000000000000e+03,8.140000000000000000e+02
7.700000000000000000e+01,1.909947136563876711e+03,1.851000000000000000e+03,1.879229987293519798e+03,1.900576753642832955e+03,1.752700746414300738e+03,1.604030113551116074e+03,1.113000000000000000e+03,2.631000000000000000e+03,3.308000000000000000e+03,8.520000000000000000e+02
7.800000000000000000e+01,1.937230091494408725e+03,1.874000000000000000e+03,1.905379076662431089e+03,1.927795662487292475e+03,1.779850892758234068e+03,1.631173127649726894e+03,1.130000000000000000e+03,2.665000000000000000e+03,3.337000000000000000e+03,8.650000000000000000e+02
7.900000000000000000e+01,1.884491358861402887e+03,1.825000000000000000e+03,1.852828886065226698e+03,1.875355472721111482e+03,1.733758767380957806e+03,1.591529003053843098e+03,1.110500000000000000e+03,2.579000000000000000e+03,3.235000000000000000e+03,8.500000000000000000e+02
8.000000000000000000e+01,1.846628261606235128e+03,1.779000000000000000e+03,1.815871664548919853e+03,1.836790240596408012e+03,1.698445064280110728e+03,1.558580845714947827e+03,1.089000000000000000e+03,2.526000000000000000e+03,3.186000000000000000e+03,8.340000000000000000e+02
8.100000000000000000e+01,1.900670281260589718e+03,1.830000000000000000e+03,1.869877594239728978e+03,1.890794984750931917e+03,1.744699483931182385e+03,1.597346116095117395e+03,1.113500000000000000e+03,2.610000000000000000e+03,3.298000000000000000e+03,8.500000000000000000e+02
8.200000000000000000e+01,2.028164689935615115e+03,1.950000000000000000e+03,1.995249047013977133e+03,2.018191460521856925e+03,1.858504140056094684e+03,1.698295261058537335e+03,1.180000000000000000e+03,2.794500000000000000e+03,3.512000000000000000e+03,9.010000000000000000e+02
8.300000000000000000e+01,2.128056252117926306e+03,2.043000000000000000e+03,2.092063532401524753e+03,2.116842426296170743e+03,1.949125082178634102e+03,1.780532286964611785e+03,1.235000000000000000e+03,2.931500000000000000e+03,3.721000000000000000e+03,9.450000000000000000e+02
8.400000000000000000e+01,2.139132497458488615e+03,2.053000000000000000e+03,2.100901736552308193e+03,2.127812267028125916e+03,1.960569368087119983e+03,1.792781523715205822e+03,1.244500000000000000e+03,2.945000000000000000e+03,3.747000000000000000e+03,9.580000000000000000e+02
8.500000000000000000e+01,2.089043375127075706e+03,2.002000000000000000e+03,2.050349428208386144e+03,2.077870213486953617e+03,1.915890457171633670e+03,1.753504695835913481e+03,1.216000000000000000e+03,2.869500000000000000e+03,3.685000000000000000e+03,9.380000000000000000e+02
8.600000000000000000e+01,2.058461199593358288e+03,1.975000000000000000e+03,2.019782295637441848e+03,2.047016604540833669e+03,1.887583089162730175e+03,1.727438413209758437e+03,1.198000000000000000e+03,2.826500000000000000e+03,3.633000000000000000e+03,9.320000000000000000e+02
8.700000000000000000e+01,2.075784818705523776e+03,1.985000000000000000e+03,2.036592545531554379e+03,2.064064723822433280e+03,1.902350027066086795e+03,1.739892884907695134e+03,1.206000000000000000e+03,2.849000000000000000e+03,3.665000000000000000e+03,9.390000000000000000e+02
8.800000000000000000e+01,2.107744154523890302e+03,2.017000000000000000e+03,2.068132994493858405e+03,2.095397153507285566e+03,1.931146505172516754e+03,1.765666053325112216e+03,1.224000000000000000e+03,2.891000000000000000e+03,3.718000000000000000e+03,9.590000000000000000e+02
8.900000000000000000e+01,2.107910538800406812e+03,2.017000000000000000e+03,2.068301567132571108e+03,2.095332090816672462e+03,1.931869486877241116e+03,1.766929304751346990e+03,1.224000000000000000e+03,2.888000000000000000e+03,3.723000000000000000e+03,9.540000000000000000e+02
9.000000000000000000e+01,2.078370721789223808e+03,1.991000000000000000e+03,2.039168996188055871e+03,2.066026092849881479e+03,1.905918403353783333e+03,1.744318245617381535e+03,1.210000000000000000e+03,2.849000000000000000e+03,3.666000000000000000e+03,9.480000000000000000e+02
9.100000000000000000e+01,2.043741782446628349e+03,1.960000000000000000e+03,2.005311732316814869e+03,2.031740426973907233e+03,1.874600559374605382e+03,1.716023188852090925e+03,1.191000000000000000e+03,2.802000000000000000e+03,3.611000000000000000e+03,9.340000000000000000e+02
9.200000000000000000e+01,2.025295831921382614e+03,1.936000000000000000e+03,1.987399830580262687e+03,2.012811250423585307e+03,1.858179841575037926e+03,1.701410275430773254e+03,1.182000000000000000e+03,2.771000000000000000e+03,3.581000000000000000e+03,9.280000000000000000e+02
9.300000000000000000e+01,1.997182311080989393e+03,1.914000000000000000e+03,1.959278695468022079e+03,1.984814300237207817e+03,1.833323942476432421e+03,1.679648090880079963e+03,1.168000000000000000e+03,2.729000000000000000e+03,3.540000000000000000e+03,9.210000000000000000e+02
9.400000000000000000e+01,1.927744832260250860e+03,1.843000000000000000e+03,1.890815756035578033e+03,1.915744154523890302e+03,1.771736247151001407e+03,1.625480988142964179e+03,1.129000000000000000e+03,2.631000000000000000e+03,3.412000000000000000e+03,8.990000000000000000e+02
9.500000000000000000e+01,1.817075567604201979e+03,1.742000000000000000e+03,1.781742481999152915e+03,1.805585903083700487e+03,1.672430986431607607e+03,1.536944909870256879e+03,1.073000000000000000e+03,2.471500000000000000e+03,3.213000000000000000e+03,8.560000000000000000e+02
9.600000000000000000e+01,1.705758386987461790e+03,1.632000000000000000e+03,1.672594239728928414e+03,1.695167739749237626e+03,1.571241272183870251e+03,1.445302910464693014e+03,1.011500000000000000e+03,2.321500000000000000e+03,3.009000000000000000e+03,8.090000000000000000e+02
9.700000000000000000e+01,1.642303287021348751e+03,1.566000000000000000e+03,1.610323591698432892e+03,1.631951541850220337e+03,1.511824512846613288e+03,1.389721574689640192e+03,9.710000000000000000e+02,2.236000000000000000e+03,2.893000000000000000e+03,7.730000000000000000e+02
9.800000000000000000e+01,1.631893595391392637e+03,1.556000000000000000e+03,1.600080897924608280e+03,1.621557438156557055e+03,1.500994745954346399e+03,1.378560894487051883e+03,9.620000000000000000e+02,2.231000000000000000e+03,2.889000000000000000e+03,7.770000000000000000e+02
9.900000000000000000e+01,1.629889528973229517e+03,1.551000000000000000e+03,1.597696738670055083e+03,1.619649949169772981e+03,1.498586908259017491e+03,1.375871198411353816e+03,9.585000000000000000e+02,2.230000000000000000e+03,2.899000000000000000e+03,7.780000000000000000e+02
1.000000000000000000e+02,1.592726872246696075e+03,1.517000000000000000e+03,1.559908089792460714e+03,1.581619112165367596e+03,1.466148093832471886e+03,1.348045927690268627e+03,9.410000000000000000e+02,2.166000000000000000e+03,2.860000000000000000e+03,7.630000000000000000e+02
1.010000000000000000e+02,1.502602507624534155e+03,1.429000000000000000e+03,1.470689961880559167e+03,1.491644866147068797e+03,1.386527990425847975e+03,1.278369654178257633e+03,8.965000000000000000e+02,2.029500000000000000e+03,2.700000000000000000e+03,7.370000000000000000e+02
1.020000000000000000e+02,1.385302609284988193e+03,1.320000000000000000e+03,1.355612028801355336e+03,1.374683158251440091e+03,1.282332328618887232e+03,1.186465323935073684e+03,8.385000000000000000e+02,1.860000000000000000e+03,2.494000000000000000e+03,6.860000000000000000e+02
1.030000000000000000e+02,1.285681463910538696e+03,1.220000000000000000e+03,1.258588733587462912e+03,1.276264994916977230e+03,1.193270796814915457e+03,1.107118491635294504e+03,7.865000000000000000e+02,1.718000000000000000e+03,2.293000000000000000e+03,6.480000000000000000e+02
1.040000000000000000e+02,1.223803456455438891e+03,1.166000000000000000e+03,1.198349851757729766e+03,1.214674347678753065e+03,1.137633444235473007e+03,1.057178477199568988e+03,7.535000000000000000e+02,1.630000000000000000e+03,2.179000000000000000e+03,6.180000000000000000e+02
1.050000000000000000e+02,1.191917655032192442e+03,1.137000000000000000e+03,1.168181702668360913e+03,1.183140291426635031e+03,1.109656853854345400e+03,1.032576383985915754e+03,7.385000000000000000e+02,1.588000000000000000e+03,2.120000000000000000e+03,6.130000000000000000e+02
1.060000000000000000e+02,1.161959674686547032e+03,1.115000000000000000e+03,1.140008047437526557e+03,1.153801762114537496e+03,1.083998940309631735e+03,1.010685654576469688e+03,7.265000000000000000e+02,1.543500000000000000e+03,2.039000000000000000e+03,6.010000000000000000e+02
1.070000000000000000e+02,1.106977634700101589e+03,1.063000000000000000e+03,1.087414231257941537e+03,1.099927143341240253e+03,1.035968969508083092e+03,9.689013553460237063e+02,7.015000000000000000e+02,1.465000000000000000e+03,1.905000000000000000e+03,5.800000000000000000e+02
1.080000000000000000e+02,1.042390376143680214e+03,1.003000000000000000e+03,1.025005082592121880e+03,1.036600135547272203e+03,9.787579490999828522e+02,9.184690304488179891e+02,6.690000000000000000e+02,1.375000000000000000e+03,1.770000000000000000e+03,5.540000000000000000e+02
1.090000000000000000e+02,9.601755337173839280e+02,9.260000000000000000e+02,9.451808555696738949e+02,9.553412402575397664e+02,9.050194247944879180e+02,8.526048781800054712e+02,6.250000000000000000e+02,1.259000000000000000e+03,1.588000000000000000e+03,5.240000000000000000e+02
1.100000000000000000e+02,8.884564554388342685e+02,8.600000000000000000e+02,8.754951291825498174e+02,8.842931209759403828e+02,8.401945612577278553e+02,7.941811994828078696e+02,5.880000000000000000e+02,1.158500000000000000e+03,1.451000000000000000e+03,4.910000000000000000e+02
1.110000000000000000e+02,8.410193154862757865e+02,8.150000000000000000e+02,8.295069885641677274e+02,8.374029142663504217e+02,7.967687971999254160e+02,7.544590463757101588e+02,5.610000000000000000e+02,1.094500000000000000e+03,1.349000000000000000e+03,4.710000000000000000e+02
1.120000000000000000e+02,8.206818027787190886e+02,7.970000000000000000e+02,8.098983481575603491e+02,8.174161301253811871e+02,7.777869583221140601e+02,7.367167784591463260e+02,5.495000000000000000e+02,1.068500000000000000e+03,1.308000000000000000e+03,4.580000000000000000e+02
1.130000000000000000e+02,8.139118942731277002e+02,7.900000000000000000e+02,8.033138500635324135e+02,8.107485598102338145e+02,7.713833068637748056e+02,7.306536355473322146e+02,5.445000000000000000e+02,1.059500000000000000e+03,1.294000000000000000e+03,4.580000000000000000e+02
1.140000000000000000e+02,8.049098610640461402e+02,7.800000000000000000e+02,7.944625158831004228e+02,8.017675364283294357e+02,7.630812469980725155e+02,7.230239730054468055e+02,5.390000000000000000e+02,1.047000000000000000e+03,1.279000000000000000e+03,4.580000000000000000e+02
1.150000000000000000e+02,7.842629617078956699e+02,7.600000000000000000e+02,7.738326980093180509e+02,7.810637072178922153e+02,7.443563543421083750e+02,7.061642203358692313e+02,5.270000000000000000e+02,1.020000000000000000e+03,1.249000000000000000e+03,4.500000000000000000e+02
1.160000000000000000e+02,7.484615384615384528e+02,7.250000000000000000e+02,7.381406183820414526e+02,7.453100643849542166e+02,7.119313525546001529e+02,6.770108170095257947e+02,5.080000000000000000e+02,9.660000000000000000e+02,1.185000000000000000e+03,4.340000000000000000e+02
1.170000000000000000e+02,7.020311758725855498e+02,6.800000000000000000e+02,6.923807708598051249e+02,6.990023720772619527e+02,6.697873582401465455e+02,6.389600183308068608e+02,4.840000000000000000e+02,9.000000000000000000e+02,1.103000000000000000e+03,4.200000000000000000e+02
1.180000000000000000e+02,6.557878685191460590e+02,6.360000000000000000e+02,6.467822956374417345e+02,6.528237885462555141e+02,6.275655180762944383e+02,6.005718533370517207e+02,4.580000000000000000e+02,8.340000000000000000e+02,1.024000000000000000e+03,3.970000000000000000e+02
1.190000000000000000e+02,6.191856997627922965e+02,5.990000000000000000e+02,6.109279966116052947e+02,6.164405286343612715e+02,5.940231712620944791e+02,5.699239848452707520e+02,4.385000000000000000e+02,7.840000000000000000e+02,9.620000000000000000e+02,3.880000000000000000e+02
1.200000000000000000e+02,5.918610640460860850e+02,5.730000000000000000e+02,5.838881829733163613e+02,5.893087089122331008e+02,5.687608562566940691e+02,5.466406255029204431e+02,4.215000000000000000e+02,7.440000000000000000e+02,9.160000000000000000e+02,3.710000000000000000e+02
1.210000000000000000e+02,5.707885462555066169e+02,5.520000000000000000e+02,5.631363828886064766e+02,5.683073534395119850e+02,5.494515238123761947e+02,5.290153221675182067e+02,4.100000000000000000e+02,7.140000000000000000e+02,8.830000000000000000e+02,3.640000000000000000e+02
1.220000000000000000e+02,5.495703151474076549e+02,5.320000000000000000e+02,5.423706056755612508e+02,5.472948153168417775e+02,5.298855240555333239e+02,5.110208762365202801e+02,3.980000000000000000e+02,6.860000000000000000e+02,8.400000000000000000e+02,3.540000000000000000e+02
1.230000000000000000e+02,5.248542866824805060e+02,5.100000000000000000e+02,5.181096992799660939e+02,5.226862080650627149e+02,5.072208476829510460e+02,4.902953799446707990e+02,3.850000000000000000e+02,6.505000000000000000e+02,8.010000000000000000e+02,3.430000000000000000e+02
1.240000000000000000e+02,4.974052863436123175e+02,4.830000000000000000e+02,4.912778483693350040e+02,4.953209081667231430e+02,4.820671641210705616e+02,4.673233128567759422e+02,3.710000000000000000e+02,6.120000000000000000e+02,7.460000000000000000e+02,3.280000000000000000e+02
1.250000000000000000e+02,4.705814977973568034e+02,4.580000000000000000e+02,4.650639559508682623e+02,4.688498813961368796e+02,4.574252061354097236e+02,4.447559246242992117e+02,3.560000000000000000e+02,5.735000000000000000e+02,6.950000000000000000e+02,3.210000000000000000e+02
1.260000000000000000e+02,4.459118942731277571e+02,4.360000000000000000e+02,4.408915713680643762e+02,4.442121314808539410e+02,4.346513097682975513e+02,4.237892523646634686e+02,3.430000000000000000e+02,5.380000000000000000e+02,6.450000000000000000e+02,3.120000000000000000e+02
1.270000000000000000e+02,4.254276516435106714e+02,4.150000000000000000e+02,4.208377806014400448e+02,4.239691629955947292e+02,4.157056677897505779e+02,4.063144830893044173e+02,3.320000000000000000e+02,5.100000000000000000e+02,6.050000000000000000e+02,3.020000000000000000e+02
1.280000000000000000e+02,4.064391731616400989e+02,3.970000000000000000e+02,4.022765777213045340e+02,4.050203320908166802e+02,3.980583125756445497e+02,3.899504011812333033e+02,3.220000000000000000e+02,4.830000000000000000e+02,5.740000000000000000e+02,2.930000000000000000e+02
1.290000000000000000e+02,3.892463571670620013e+02,3.800000000000000000e+02,3.855667090216010138e+02,3.880525245679430668e+02,3.819583513199506797e+02,3.748882921470177507e+02,3.120000000000000000e+02,4.580000000000000000e+02,5.460000000000000000e+02,2.820000000000000000e+02
1.300000000000000000e+02,3.735808200609962455e+02,3.650000000000000000e+02,3.701944091486658408e+02,3.724547610979329306e+02,3.673574790138384856e+02,3.613124081854472820e+02,3.040000000000000000e+02,4.365000000000000000e+02,5.120000000000000000e+02,2.780000000000000000e+02
1.310000000000000000e+02,3.589447644866147016e+02,3.520000000000000000e+02,3.559351969504447197e+02,3.579474754320569332e+02,3.536238948166887894e+02,3.484472091170952694e+02,2.960000000000000000e+02,4.150000000000000000e+02,4.910000000000000000e+02,2.700000000000000000e+02
1.320000000000000000e+02,3.444591663842765001e+02,3.380000000000000000e+02,3.418831003811944242e+02,3.437058624195187804e+02,3.399686673929070935e+02,3.355872564624220331e+02,2.880000000000000000e+02,3.960000000000000000e+02,4.590000000000000000e+02,2.590000000000000000e+02
1.330000000000000000e+02,3.332070484581497567e+02,3.280000000000000000e+02,3.307611181702668546e+02,3.325083022704168343e+02,3.294200599930131261e+02,3.257233890412715027e+02,2.820000000000000000e+02,3.790000000000000000e+02,4.380000000000000000e+02,2.610000000000000000e+02
1.340000000000000000e+02,3.230050830227041843e+02,3.180000000000000000e+02,3.209733163913596172e+02,3.223781768891901152e+02,3.197224328430501714e+02,3.165073392361549054e+02,2.770000000000000000e+02,3.650000000000000000e+02,4.190000000000000000e+02,2.560000000000000000e+02
1.350000000000000000e+02,3.146387665198237755e+02,3.100000000000000000e+02,3.126234646336297942e+02,3.139983056590986052e+02,3.118437802738273490e+02,3.091089346039624957e+02,2.730000000000000000e+02,3.530000000000000000e+02,4.020000000000000000e+02,2.530000000000000000e+02
1.360000000000000000e+02,3.064771263978312277e+02,3.020000000000000000e+02,3.047136806437949872e+02,3.058705523551338388e+02,3.041300019321630543e+02,3.018297382643868332e+02,2.690000000000000000e+02,3.420000000000000000e+02,3.860000000000000000e+02,2.480000000000000000e+02
1.370000000000000000e+02,2.978932565232124716e+02,2.940000000000000000e+02,2.962388818297331454e+02,2.972907488986784301e+02,2.959472490695389979e+02,2.940384334271595890e+02,2.640000000000000000e+02,3.290000000000000000e+02,3.720000000000000000e+02,2.450000000000000000e+02
1.380000000000000000e+02,2.885957302609285193e+02,2.850000000000000000e+02,2.872083862770012956e+02,2.881663842765164532e+02,2.870251466578735631e+02,2.854814556336697251e+02,2.590000000000000000e+02,3.160000000000000000e+02,3.540000000000000000e+02,2.410000000000000000e+02
1.390000000000000000e+02,2.804574720433751054e+02,2.770000000000000000e+02,2.791512071156289494e+02,2.801206370721789085e+02,2.791758676620361825e+02,2.779152643035978372e+02,2.540000000000000000e+02,3.050000000000000000e+02,3.390000000000000000e+02,2.380000000000000000e+02
1.400000000000000000e+02,2.738505591324974375e+02,2.710000000000000000e+02,2.727924608216857223e+02,2.735337173839376419e+02,2.728078981348900243e+02,2.717797717371823865e+02,2.510000000000000000e+02,2.950000000000000000e+02,3.300000000000000000e+02,2.350000000000000000e+02
1.410000000000000000e+02,2.677573703829210672e+02,2.650000000000000000e+02,2.667522236340533937e+02,2.675015249068112553e+02,2.668848735962814658e+02,2.660245998806703938e+02,2.470000000000000000e+02,2.870000000000000000e+02,3.190000000000000000e+02,2.310000000000000000e+02
1.420000000000000000e+02,2.628563198915621797e+02,2.600000000000000000e+02,2.620016941973739790e+02,2.626011521518129257e+02,2.621446683050426145e+02,2.614417805941623669e+02,2.440000000000000000e+02,2.800000000000000000e+02,3.100000000000000000e+02,2.310000000000000000e+02
1.430000000000000000e+02,2.590965774313792167e+02,2.570000000000000000e+02,2.582465057179161363e+02,2.587970179600135339e+02,2.584889886387072124e+02,2.578889647352501697e+02,2.420000000000000000e+02,2.750000000000000000e+02,3.030000000000000000e+02,2.280000000000000000e+02
1.440000000000000000e+02,2.551877329718739418e+02,2.530000000000000000e+02,2.544726810673443538e+02,2.549779735682819251e+02,2.546661023537360791e+02,2.541502794427370304e+02,2.400000000000000000e+02,2.700000000000000000e+02,2.940000000000000000e+02,2.270000000000000000e+02
1.450000000000000000e+02,2.516716367333107485e+02,2.490000000000000000e+02,2.509868699703515347e+02,2.514893256523212415e+02,2.512424599534298011e+02,2.508179650851564588e+02,2.380000000000000000e+02,2.640000000000000000e+02,2.880000000000000000e+02,2.250000000000000000e+02
1.460000000000000000e+02,2.488224330735343983e+02,2.470000000000000000e+02,2.482642947903430866e+02,2.487112843104032436e+02,2.484709522601362437e+02,2.481228201966686697e+02,2.370000000000000000e+02,2.600000000000000000e+02,2.830000000000000000e+02,2.240000000000000000e+02
1.470000000000000000e+02,2.451965435445611661e+02,2.440000000000000000e+02,2.448335451080050689e+02,2.450667570315147543e+02,2.449232224795165109e+02,2.446515995082252459e+02,2.350000000000000000e+02,2.555000000000000000e+02,2.750000000000000000e+02,2.220000000000000000e+02
1.480000000000000000e+02,2.411592680447305952e+02,2.400000000000000000e+02,2.407378229563744299e+02,2.409901728227719389e+02,2.409600459510936332e+02,2.407623418667129442e+02,2.330000000000000000e+02,2.490000000000000000e+02,2.680000000000000000e+02,2.210000000000000000e+02
1.490000000000000000e+02,2.390064384954252716e+02,2.380000000000000000e+02,2.387458703939009013e+02,2.388966452050152611e+02,2.388568395973546785e+02,2.387079649983099614e+02,2.320000000000000000e+02,2.460000000000000000e+02,2.620000000000000000e+02,2.190000000000000000e+02
1.500000000000000000e+02,2.379098610640460834e+02,2.380000000000000000e+02,2.378072850487081666e+02,2.379457810911555384e+02,2.377848824801048693e+02,2.376601144899953511e+02,2.320000000000000000e+02,2.440000000000000000e+02,2.580000000000000000e+02,2.200000000000000000e+02
1.510000000000000000e+02,2.360528634361233458e+02,2.360000000000000000e+02,2.359186785260482964e+02,2.359349373093866404e+02,2.359542069985269563e+02,2.358557850814972596e+02,2.310000000000000000e+02,2.410000000000000000e+02,2.540000000000000000e+02,2.190000000000000000e+02
1.520000000000000000e+02,2.342222975262622811e+02,2.340000000000000000e+02,2.341033460398136299e+02,2.341826499491697859e+02,2.341350840842154639e+02,2.340480645428614821e+02,2.290000000000000000e+02,2.390000000000000000e+02,2.510000000000000000e+02,2.180000000000000000e+02
1.530000000000000000e+02,2.336560487970179736e+02,2.340000000000000000e+02,2.336437950021177414e+02,2.337150118603863120e+02,2.335728650048369843e+02,2.334896393291285790e+02,2.290000000000000000e+02,2.390000000000000000e+02,2.510000000000000000e+02,2.150000000000000000e+02
1.540000000000000000e+02,2.325760759064723686e+02,2.320000000000000000e+02,2.325438373570520980e+02,2.325350728566587577e+02,2.325086085367077544e+02,2.324411813930316555e+02,2.280000000000000000e+02,2.370000000000000000e+02,2.470000000000000000e+02,2.160000000000000000e+02
1.550000000000000000e+02,2.320958996950186304e+02,2.320000000000000000e+02,2.320817450232952126e+02,2.321653676719755879e+02,2.320227909670129804e+02,2.319496856556041280e+02,2.280000000000000000e+02,2.360000000000000000e+02,2.480000000000000000e+02,2.160000000000000000e+02
1.560000000000000000e+02,2.309339207048458036e+02,2.310000000000000000e+02,2.309309614570097438e+02,2.309447644866147016e+02,2.308710124748507155e+02,2.308080964216852351e+02,2.270000000000000000e+02,2.350000000000000000e+02,2.460000000000000000e+02,2.170000000000000000e+02
1.570000000000000000e+02,2.300355811589291761e+02,2.300000000000000000e+02,2.300025412960609970e+02,2.300020332090816737e+02,2.299772117856811349e+02,2.299188774312406451e+02,2.260000000000000000e+02,2.340000000000000000e+02,2.470000000000000000e+02,2.150000000000000000e+02
1.580000000000000000e+02,2.290115215181294559e+02,2.290000000000000000e+02,2.289004659042778371e+02,2.290203320908166802e+02,2.289590904688983528e+02,2.289067809575519448e+02,2.250000000000000000e+02,2.320000000000000000e+02,2.440000000000000000e+02,2.150000000000000000e+02
1.590000000000000000e+02,2.275523551338529273e+02,2.280000000000000000e+02,2.275141889030072093e+02,2.275113520840393164e+02,2.275100095929990971e+02,2.274676892713073073e+02,2.240000000000000000e+02,2.310000000000000000e+02,2.430000000000000000e+02,2.140000000000000000e+02
1.600000000000000000e+02,2.280365977634700130e+02,2.280000000000000000e+02,2.280753917831427486e+02,2.280603185360894543e+02,2.279959735652147685e+02,2.279552740128245603e+02,2.250000000000000000e+02,2.310000000000000000e+02,2.400000000000000000e+02,2.130000000000000000e+02
1.610000000000000000e+02,2.272019654354456009e+02,2.270000000000000000e+02,2.272223634053367221e+02,2.271779057946458806e+02,2.271689084986197997e+02,2.271358338274070547e+02,2.240000000000000000e+02,2.300000000000000000e+02,2.400000000000000000e+02,2.160000000000000000e+02
1.620000000000000000e+02,2.268481870552355133e+02,2.270000000000000000e+02,2.267848369335027598e+02,2.268278549644188331e+02,2.268107029516919795e+02,2.267732770806311180e+02,2.240000000000000000e+02,2.300000000000000000e+02,2.400000000000000000e+02,2.140000000000000000e+02
1.630000000000000000e+02,2.249620467638088712e+02,2.250000000000000000e+02,2.249335027530707407e+02,2.249467976956963753e+02,2.249282664530119007e+02,2.248944930313529653e+02,2.220000000000000000e+02,2.280000000000000000e+02,2.370000000000000000e+02,2.130000000000000000e+02
1.640000000000000000e+02,2.247865130464249432e+02,2.250000000000000000e+02,2.248144853875476485e+02,2.247516096238563250e+02,2.247578928719107978e+02,2.247292405015855650e+02,2.220000000000000000e+02,2.270000000000000000e+02,2.360000000000000000e+02,2.130000000000000000e+02
1.650000000000000000e+02,2.253405625211792653e+02,2.250000000000000000e+02,2.252956374417619543e+02,2.252365299898339686e+02,2.253071087438956113e+02,2.252736888047855075e+02,2.230000000000000000e+02,2.280000000000000000e+02,2.390000000000000000e+02,2.130000000000000000e+02
1.660000000000000000e+02,2.254347678752965010e+02,2.250000000000000000e+02,2.254485387547649395e+02,2.254588275160962496e+02,2.254068814507231480e+02,2.253789733385953582e+02,2.230000000000000000e+02,2.280000000000000000e+02,2.380000000000000000e+02,2.110000000000000000e+02
1.670000000000000000e+02,2.256851914605218496e+02,2.260000000000000000e+02,2.256039813638288933e+02,2.256831582514401759e+02,2.256538654794806575e+02,2.256225889479891862e+02,2.230000000000000000e+02,2.280000000000000000e+02,2.390000000000000000e+02,2.130000000000000000e+02
1.680000000000000000e+02,2.254669603524229160e+02,2.250000000000000000e+02,2.254324438797119967e+02,2.254459505252456779e+02,2.254355067710795595e+02,2.254040651977803122e+02,2.230000000000000000e+02,2.280000000000000000e+02,2.380000000000000000e+02,2.130000000000000000e+02
1.690000000000000000e+02,2.253076923076923208e+02,2.250000000000000000e+02,2.253138500635324135e+02,2.253510674347678844e+02,2.252775703925080961e+02,2.252474341734210554e+02,2.230000000000000000e+02,2.280000000000000000e+02,2.400000000000000000e+02,2.110000000000000000e+02
1.700000000000000000e+02,2.251450355811589361e+02,2.250000000000000000e+02,2.251122405760271192e+02,2.250898000677736377e+02,2.251146218959391376e+02,2.250842302897171123e+02,2.230000000000000000e+02,2.280000000000000000e+02,2.370000000000000000e+02,2.140000000000000000e+02
1.710000000000000000e+02,2.235845476109793424e+02,2.240000000000000000e+02,2.235717916137230077e+02,2.235574381565571116e+02,2.235545811875586537e+02,2.235246074012156043e+02,2.210000000000000000e+02,2.260000000000000000e+02,2.350000000000000000e+02,2.110000000000000000e+02
1.720000000000000000e+02,2.233951202982040058e+02,2.230000000000000000e+02,2.233761118170266968e+02,2.234008810572687196e+02,2.233683411049150038e+02,2.233415630033152866e+02,2.210000000000000000e+02,2.260000000000000000e+02,2.350000000000000000e+02,2.120000000000000000e+02
1.730000000000000000e+02,2.240016943409013948e+02,2.240000000000000000e+02,2.239767047861075753e+02,2.239813622500847146e+02,2.239756039923132107e+02,2.239495237735184503e+02,2.220000000000000000e+02,2.260000000000000000e+02,2.350000000000000000e+02,2.130000000000000000e+02
1.740000000000000000e+02,2.235496441884106957e+02,2.240000000000000000e+02,2.235972045743329204e+02,2.235777702473737634e+02,2.235249954264681378e+02,2.235003017162036372e+02,2.210000000000000000e+02,2.260000000000000000e+02,2.340000000000000000e+02,2.120000000000000000e+02
1.750000000000000000e+02,2.223849542527956658e+02,2.220000000000000000e+02,2.224129606099110674e+02,2.224303625889529030e+02,2.223607240161994127e+02,2.223364615623982274e+02,2.200000000000000000e+02,2.250000000000000000e+02,2.330000000000000000e+02,2.110000000000000000e+02
1.760000000000000000e+02,2.231416468993561466e+02,2.230000000000000000e+02,2.231613722998729372e+02,2.231291087766858823e+02,2.231156518032637166e+02,2.230896175934440748e+02,2.210000000000000000e+02,2.250000000000000000e+02,2.350000000000000000e+02,2.100000000000000000e+02
1.770000000000000000e+02,2.231402914266350308e+02,2.230000000000000000e+02,2.231626429479034357e+02,2.232300914944086685e+02,2.231123417418524184e+02,2.230843599903514871e+02,2.210000000000000000e+02,2.260000000000000000e+02,2.340000000000000000e+02,2.110000000000000000e+02
1.780000000000000000e+02,2.238837682141646894e+02,2.240000000000000000e+02,2.238818297331639258e+02,2.239054557777024854e+02,2.238585749949379249e+02,2.238333738764472969e+02,2.220000000000000000e+02,2.260000000000000000e+02,2.360000000000000000e+02,2.120000000000000000e+02
1.790000000000000000e+02,2.229613690274483133e+02,2.230000000000000000e+02,2.229944938585345255e+02,2.229955947136563736e+02,2.229369808084950080e+02,2.229125671609111805e+02,2.210000000000000000e+02,2.250000000000000000e+02,2.340000000000000000e+02,2.130000000000000000e+02
1.800000000000000000e+02,2.219718739410369324e+02,2.220000000000000000e+02,2.219894112664125316e+02,2.219915282954930547e+02,2.219477377296613554e+02,2.219235791501970141e+02,2.200000000000000000e+02,2.240000000000000000e+02,2.320000000000000000e+02,2.110000000000000000e+02
1.810000000000000000e+02,2.224750931887495824e+02,2.230000000000000000e+02,2.225298602287166432e+02,2.224239240935276314e+02,2.224514311529350152e+02,2.224277230714061204e+02,2.200000000000000000e+02,2.250000000000000000e+02,2.340000000000000000e+02,2.100000000000000000e+02
1.820000000000000000e+02,2.230999661131819778e+02,2.230000000000000000e+02,2.231639135959339342e+02,2.232311080989495053e+02,2.230726294952039552e+02,2.230452334504379621e+02,2.210000000000000000e+02,2.250000000000000000e+02,2.360000000000000000e+02,2.110000000000000000e+02
1.830000000000000000e+02,2.226621484242629663e+02,2.230000000000000000e+02,2.227518000847098563e+02,2.227014571331751824e+02,2.226374802932241721e+02,2.226127418030110334e+02,2.210000000000000000e+02,2.250000000000000000e+02,2.340000000000000000e+02,2.110000000000000000e+02
1.840000000000000000e+02,2.221287699085056033e+02,2.220000000000000000e+02,2.221262177043625456e+02,2.221009827177228146e+02,2.221075570870393392e+02,2.220863467268472959e+02,2.200000000000000000e+02,2.240000000000000000e+02,2.350000000000000000e+02,2.130000000000000000e+02
1.850000000000000000e+02,2.222260250762453495e+02,2.220000000000000000e+02,2.222206692079627146e+02,2.221765503219247648e+02,2.222051859329815784e+02,2.221843451670717968e+02,2.200000000000000000e+02,2.240000000000000000e+02,2.330000000000000000e+02,2.110000000000000000e+02
1.860000000000000000e+02,2.231389359539139150e+02,2.230000000000000000e+02,2.231838204150783440e+02,2.231470687902406098e+02,2.231163820926784354e+02,2.230937983683129744e+02,2.210000000000000000e+02,2.250000000000000000e+02,2.330000000000000000e+02,2.130000000000000000e+02
1.870000000000000000e+02,2.223564893256523192e+02,2.220000000000000000e+02,2.223642524354087300e+02,2.222914266350389596e+02,2.223348140704572415e+02,2.223131336585360600e+02,2.200000000000000000e+02,2.240000000000000000e+02,2.340000000000000000e+02,2.110000000000000000e+02
1.880000000000000000e+02,2.220942053541172356e+02,2.220000000000000000e+02,2.220787801778907351e+02,2.220630294815316859e+02,2.220691205135324822e+02,2.220440417359078538e+02,2.200000000000000000e+02,2.240000000000000000e+02,2.340000000000000000e+02,2.110000000000000000e+02
1.890000000000000000e+02,2.219569637411047154e+02,2.220000000000000000e+02,2.219593392630241340e+02,2.219674686546933344e+02,2.219319762638279769e+02,2.219069718006899166e+02,2.200000000000000000e+02,2.240000000000000000e+02,2.330000000000000000e+02,2.100000000000000000e+02
1.900000000000000000e+02,2.215953913927482120e+02,2.220000000000000000e+02,2.216031342651418754e+02,2.215825144018976687e+02,2.215696003288289830e+02,2.215437898798315928e+02,2.190000000000000000e+02,2.240000000000000000e+02,2.340000000000000000e+02,2.090000000000000000e+02
1.910000000000000000e+02,2.214496780752287464e+02,2.210000000000000000e+02,2.214481152054214306e+02,2.214584886479159707e+02,2.214284156558282461e+02,2.214071488596634936e+02,2.190000000000000000e+02,2.230000000000000000e+02,2.330000000000000000e+02,2.110000000000000000e+02
1.920000000000000000e+02,2.209237546594374919e+02,2.210000000000000000e+02,2.209246082168572514e+02,2.209396814639105457e+02,2.209005406146784765e+02,2.208773150650685011e+02,2.190000000000000000e+02,2.230000000000000000e+02,2.320000000000000000e+02,2.110000000000000000e+02
1.930000000000000000e+02,2.208763131141985809e+02,2.210000000000000000e+02,2.208411689961880597e+02,2.208729244323957914e+02,2.208538711322343033e+02,2.208314537486902509e+02,2.190000000000000000e+02,2.230000000000000000e+02,2.360000000000000000e+02,2.090000000000000000e+02
1.940000000000000000e+02,2.209589969501863891e+02,2.210000000000000000e+02,2.209728928420161083e+02,2.209783124364622040e+02,2.209367207285260690e+02,2.209144258079030010e+02,2.190000000000000000e+02,2.230000000000000000e+02,2.320000000000000000e+02,2.110000000000000000e+02
1.950000000000000000e+02,2.215964079972890488e+02,2.220000000000000000e+02,2.216463362981787384e+02,2.217170450694679857e+02,2.215737587417168015e+02,2.215510730031759579e+02,2.190000000000000000e+02,2.240000000000000000e+02,2.340000000000000000e+02,2.110000000000000000e+02
1.960000000000000000e+02,2.224920365977634731e+02,2.230000000000000000e+02,2.225044472681067305e+02,2.225035581158929290e+02,2.224707338461421102e+02,2.224494183434727574e+02,2.200000000000000000e+02,2.240000000000000000e+02,2.360000000000000000e+02,2.090000000000000000e+02
1.970000000000000000e+02,2.214656048797018002e+02,2.210000000000000000e+02,2.214387971198644607e+02,2.214510335479498337e+02,2.214468329817434835e+02,2.214280686760006063e+02,2.200000000000000000e+02,2.230000000000000000e+02,2.310000000000000000e+02,2.120000000000000000e+02
1.980000000000000000e+02,2.216404608607251703e+02,2.220000000000000000e+02,2.216090639559508588e+02,2.215872585564215456e+02,2.216194278424247273e+02,2.215984022346200106e+02,2.200000000000000000e+02,2.240000000000000000e+02,2.320000000000000000e+02,2.120000000000000000e+02
1.990000000000000000e+02,2.224584886479159707e+02,2.220000000000000000e+02,2.224697162219398479e+02,2.224757709251101403e+02,2.224320494084419693e+02,2.224055938919904349e+02,2.200000000000000000e+02,2.250000000000000000e+02,2.350000000000000000e+02,2.090000000000000000e+02
2.000000000000000000e+02,2.221433412402575414e+02,2.220000000000000000e+02,2.221567132570944523e+02,2.221253812267028138e+02,2.221236474967271022e+02,2.221039386530527509e+02,2.200000000000000000e+02,2.240000000000000000e+02,2.330000000000000000e+02,2.110000000000000000e+02
2.010000000000000000e+02,2.211504574720433709e+02,2.210000000000000000e+02,2.211287590004235426e+02,2.211030159268044599e+02,2.211293980735192406e+02,2.211083492161235426e+02,2.190000000000000000e+02,2.230000000000000000e+02,2.310000000000000000e+02,2.100000000000000000e+02
2.020000000000000000e+02,2.215184683158251460e+02,2.210000000000000000e+02,2.215281660313426642e+02,2.215225347339884650e+02,2.214972737345778739e+02,2.214760577641459065e+02,2.200000000000000000e+02,2.240000000000000000e+02,2.320000000000000000e+02,2.090000000000000000e+02
2.030000000000000000e+02,2.219369705184683141e+02,2.220000000000000000e+02,2.218767471410419319e+02,2.219013893595391380e+02,2.219138552388185417e+02,2.218907709084065800e+02,2.200000000000000000e+02,2.240000000000000000e+02,2.320000000000000000e+02,2.120000000000000000e+02
2.040000000000000000e+02,2.214944086750254257e+02,2.210000000000000000e+02,2.214489623041084201e+02,2.215591324974584779e+02,2.214716108734135389e+02,2.214488414213777787e+02,2.190000000000000000e+02,2.240000000000000000e+02,2.350000000000000000e+02,2.130000000000000000e+02
2.050000000000000000e+02,2.213283632666892515e+02,2.210000000000000000e+02,2.212964845404489722e+02,2.212372077261944980e+02,2.213075963193643645e+02,2.212868546535315772e+02,2.190000000000000000e+02,2.230000000000000000e+02,2.340000000000000000e+02,2.120000000000000000e+02
2.060000000000000000e+02,2.213046424940698103e+02,2.210000000000000000e+02,2.213346039813638413e+02,2.212677058624195183e+02,2.212826535379272173e+02,2.212606342041536607e+02,2.190000000000000000e+02,2.230000000000000000e+02,2.310000000000000000e+02,2.110000000000000000e+02
2.070000000000000000e+02,2.213449678075228633e+02,2.210000000000000000e+02,2.213430749682337932e+02,2.213744493392070467e+02,2.213218366539853150e+02,2.212986874779950881e+02,2.190000000000000000e+02,2.230000000000000000e+02,2.310000000000000000e+02,2.080000000000000000e+02
2.080000000000000000e+02,2.207177228058285436e+02,2.210000000000000000e+02,2.207128335451079977e+02,2.206702812605896327e+02,2.206980897519917448e+02,2.206784509612167255e+02,2.190000000000000000e+02,2.230000000000000000e+02,2.300000000000000000e+02,2.100000000000000000e+02
2.090000000000000000e+02,2.209403592002711036e+02,2.210000000000000000e+02,2.209140194832698114e+02,2.209312097594036004e+02,2.209185236968834261e+02,2.208966974075139547e+02,2.190000000000000000e+02,2.230000000000000000e+02,2.320000000000000000e+02,2.100000000000000000e+02
2.100000000000000000e+02,2.214317180616740188e+02,2.220000000000000000e+02,2.214904701397712756e+02,2.214923754659437520e+02,2.214113608301591967e+02,2.213909662063341841e+02,2.190000000000000000e+02,2.230000000000000000e+02,2.320000000000000000e+02,2.100000000000000000e+02
2.110000000000000000e+02,2.215133852931209901e+02,2.220000000000000000e+02,2.215222363405336807e+02,2.215177905794645881e+02,2.214935189033254517e+02,2.214736391294515840e+02,2.200000000000000000e+02,2.240000000000000000e+02,2.320000000000000000e+02,2.110000000000000000e+02
2.120000000000000000e+02,2.213354794984750811e+02,2.210000000000000000e+02,2.212909783989834693e+02,2.213327685530328779e+02,2.213156867333730986e+02,2.212959107158571328e+02,2.190000000000000000e+02,2.230000000000000000e+02,2.330000000000000000e+02,2.100000000000000000e+02
2.130000000000000000e+02,2.219295154185022056e+02,2.220000000000000000e+02,2.219411266412537032e+02,2.219528973229413680e+02,2.219111302993733261e+02,2.218927287389775245e+02,2.200000000000000000e+02,2.240000000000000000e+02,2.310000000000000000e+02,2.120000000000000000e+02
2.140000000000000000e+02,2.204710267705862350e+02,2.200000000000000000e+02,2.204540448962304140e+02,2.204632328024398475e+02,2.204533808270003306e+02,2.204357412563647074e+02,2.190000000000000000e+02,2.220000000000000000e+02,2.310000000000000000e+02,2.110000000000000000e+02
2.150000000000000000e+02,2.205791257200948792e+02,2.210000000000000000e+02,2.206281236764083076e+02,2.206025076245340699e+02,2.205591568515291101e+02,2.205391423855433288e+02,2.190000000000000000e+02,2.230000000000000000e+02,2.290000000000000000e+02,2.080000000000000000e+02
2.160000000000000000e+02,2.206838359878007338e+02,2.210000000000000000e+02,2.206704786107581526e+02,2.207363605557438291e+02,2.206637005864258185e+02,2.206435565013547375e+02,2.190000000000000000e+02,2.230000000000000000e+02,2.310000000000000000e+02,2.090000000000000000e+02
2.170000000000000000e+02,2.209098610640460834e+02,2.210000000000000000e+02,2.209135959339263025e+02,2.209308708912233215e+02,2.208870928340425905e+02,2.208643162028526490e+02,2.190000000000000000e+02,2.230000000000000000e+02,2.320000000000000000e+02,2.100000000000000000e+02
2.180000000000000000e+02,2.207668586919688209e+02,2.210000000000000000e+02,2.207734011012283020e+02,2.208187055235513299e+02,2.207439111549814470e+02,2.207209559371207774e+02,2.190000000000000000e+02,2.230000000000000000e+02,2.320000000000000000e+02,2.100000000000000000e+02
2.190000000000000000e+02,2.209376482548288720e+02,2.210000000000000000e+02,2.209551037695891580e+02,2.209640799728905449e+02,2.209124132528034465e+02,2.208871537114428634e+02,2.190000000000000000e+02,2.230000000000000000e+02,2.310000000000000000e+02,2.090000000000000000e+02
2.200000000000000000e+02,2.210430362588952846e+02,2.210000000000000000e+02,2.211545955103769643e+02,2.211236868858014191e+02,2.210167342601067446e+02,2.209903246143125557e+02,2.190000000000000000e+02,2.230000000000000000e+02,2.320000000000000000e+02,2.060000000000000000e+02
2.210000000000000000e+02,2.210850559132497324e+02,2.210000000000000000e+02,2.210720033883947622e+02,2.210576075906472511e+02,2.210618292018753550e+02,2.210386013833030461e+02,2.190000000000000000e+02,2.230000000000000000e+02,2.320000000000000000e+02,2.100000000000000000e+02
2.220000000000000000e+02,2.209240935276177709e+02,2.210000000000000000e+02,2.209339263024142213e+02,2.209471365638766542e+02,2.209030907200267961e+02,2.208820709800679936e+02,2.190000000000000000e+02,2.230000000000000000e+02,2.310000000000000000e+02,2.110000000000000000e+02
2.230000000000000000e+02,2.200440528634361215e+02,2.200000000000000000e+02,2.200326132994493946e+02,2.200260928498813939e+02,2.199892386859870612e+02,2.199343591547853691e+02,2.170000000000000000e+02,2.230000000000000000e+02,2.390000000000000000e+02,2.000000000000000000e+02
